<?xml version="1.0" encoding="UTF-8" ?>
<document>
<!--The data in this file is primarily intended for consumption by Xilinx tools.
The structure and the elements are likely to change over the next few releases.
This means code written to parse this file will need to be revisited each subsequent release.-->
<application name="pa" timeStamp="Tue Mar 09 07:41:44 2021">
<section name="Project Information" visible="false">
<property name="ProjectID" value="7c9c8e783107476bac3ab04c94b5dd80" type="ProjectID"/>
<property name="ProjectIteration" value="2" type="ProjectIteration"/>
</section>
<section name="PlanAhead Usage" visible="true">
<item name="Project Data">
<property name="SrcSetCount" value="1" type="SrcSetCount"/>
<property name="ConstraintSetCount" value="1" type="ConstraintSetCount"/>
<property name="DesignMode" value="RTL" type="DesignMode"/>
<property name="SynthesisStrategy" value="Vivado Synthesis Defaults" type="SynthesisStrategy"/>
<property name="ImplStrategy" value="Vivado Implementation Defaults" type="ImplStrategy"/>
</item>
<item name="Java Command Handlers">
<property name="AddSources" value="24" type="JavaHandler"/>
<property name="CloseProject" value="3" type="JavaHandler"/>
<property name="CoreView" value="5" type="JavaHandler"/>
<property name="CustomizeCore" value="7" type="JavaHandler"/>
<property name="EditCopy" value="4" type="JavaHandler"/>
<property name="EditDelete" value="13" type="JavaHandler"/>
<property name="EditPaste" value="1" type="JavaHandler"/>
<property name="EditProperties" value="1" type="JavaHandler"/>
<property name="EditSimulationSets" value="3" type="JavaHandler"/>
<property name="EditUndo" value="106" type="JavaHandler"/>
<property name="MoveToDesignSet" value="1" type="JavaHandler"/>
<property name="NewProject" value="1" type="JavaHandler"/>
<property name="OpenFile" value="2" type="JavaHandler"/>
<property name="OpenProject" value="3" type="JavaHandler"/>
<property name="OpenSource" value="1" type="JavaHandler"/>
<property name="OpenSrc" value="1" type="JavaHandler"/>
<property name="ProjectSettingsCmdHandler" value="20" type="JavaHandler"/>
<property name="RecustomizeCore" value="17" type="JavaHandler"/>
<property name="RunImplementation" value="1" type="JavaHandler"/>
<property name="RunPowerEstimation" value="1" type="JavaHandler"/>
<property name="RunSchematic" value="2" type="JavaHandler"/>
<property name="RunSynthesis" value="2" type="JavaHandler"/>
<property name="SaveProjectAs" value="1" type="JavaHandler"/>
<property name="SetSourceEnabled" value="8" type="JavaHandler"/>
<property name="ShowPowerEstimation" value="1" type="JavaHandler"/>
<property name="ShowProductGuide" value="3" type="JavaHandler"/>
<property name="ShowVersionInfo" value="2" type="JavaHandler"/>
<property name="ShowView" value="179" type="JavaHandler"/>
<property name="SimulationBreak" value="2" type="JavaHandler"/>
<property name="SimulationClose" value="262" type="JavaHandler"/>
<property name="SimulationRestart" value="231" type="JavaHandler"/>
<property name="SimulationRun" value="621" type="JavaHandler"/>
<property name="SimulationRunAll" value="8" type="JavaHandler"/>
<property name="SimulationRunForTime" value="923" type="JavaHandler"/>
<property name="SimulationStep" value="486" type="JavaHandler"/>
<property name="ToggleViewNavigator" value="170" type="JavaHandler"/>
<property name="ViewTaskRTLAnalysis" value="1" type="JavaHandler"/>
<property name="WaveformNewConfiguration" value="1" type="JavaHandler"/>
<property name="WaveformOpenConfiguration" value="4" type="JavaHandler"/>
<property name="WaveformSaveConfiguration" value="59" type="JavaHandler"/>
<property name="ui.views.b.aG" value="1" type="JavaHandler"/>
</item>
<item name="Gui Resources Info">
<property name="Instruction_cache_2.mem, 170, 269" value="1" type="GuiResourceData"/>
<property name="NEXT, Next " value="1" type="GuiResourceData"/>
<property name="PAResourceCommand.PACommandNames_ADD_SOURCES, Sources_add_sources" value="1" type="GuiResourceData"/>
<property name="PAResourceCommand.PACommandNames_IMPORT_ALL_SRCS, Copy All Files Into Project" value="1" type="GuiResourceData"/>
<property name="PAResourceCommand.PACommandNames_OPEN_SRCS, Sources_open_src_file" value="1" type="GuiResourceData"/>
<property name="PAResourceCommand.PACommandNames_SIMULATION_RUN_BEHAVIORAL, Run Behavioral Simulation" value="1" type="GuiResourceData"/>
<property name="PAResourceEtoH.FileSetPanel_FILE_SET_PANEL_TREE, [root, Design Sources, Dual_Core (Dual_Core.sv" value="16" type="GuiResourceData"/>
<property name="PAResourceEtoH.FileSetPanel_FILE_SET_PANEL_TREE, [root, Simulation Sources, sim_1, Memory File, Instruction_cache_2.mem], 39, false, false, true, false, false, false" value="1" type="GuiResourceData"/>
<property name="PAResourceEtoH.FileSetPanel_FILE_SET_PANEL_TREE, [root, Simulation Sources, sim_1, Memory File, Instruction_cache_2.mem], 41, false" value="1" type="GuiResourceData"/>
<property name="PAResourceEtoH.FileSetPanel_FILE_SET_PANEL_TREE, [root, Simulation Sources, sim_1, Memory File, Instruction_cache_2.mem], 41, false, false, false, false, false, true" value="1" type="GuiResourceData"/>
<property name="PAResourceEtoH.FileSetPanel_FILE_SET_PANEL_TREE, [root, Simulation Sources, sim_1, Memory File, Instructions_1.mem], 40, false, false, false, false, true, false" value="1" type="GuiResourceData"/>
<property name="PAResourceEtoH.FileSetPanel_FILE_SET_PANEL_TREE, [root, Simulation Sources, sim_1, Memory File, Instructions_1.mem], 40, false, false, true, false, false, false" value="1" type="GuiResourceData"/>
<property name="PAResourceEtoH.FileSetPanel_FILE_SET_PANEL_TREE, [root, Simulation Sources, sim_1, Memory File, data_cache1.mem], 41, false, false, false, false, true, false" value="1" type="GuiResourceData"/>
<property name="PAResourceEtoH.FileSetPanel_FILE_SET_PANEL_TREE, [root, Simulation Sources, sim_1, Memory File, register_file.mem], 42, false, false, true, false, false, false" value="1" type="GuiResourceData"/>
<property name="PAResourceEtoH.FileSetPanel_FILE_SET_PANEL_TREE, [root, Simulation Sources, sim_1, Memory File], 35" value="1" type="GuiResourceData"/>
<property name="PAResourceEtoH.FileSetPanel_FILE_SET_PANEL_TREE, [root, Simulation Sources, sim_1, Waveform Configuration File], 37" value="1" type="GuiResourceData"/>
<property name="PAResourceEtoH.FileSetPanel_FILE_SET_PANEL_TREE, [root, Simulation Sources, sim_1], 31" value="1" type="GuiResourceData"/>
<property name="PAResourceEtoH.FileSetPanel_FILE_SET_PANEL_TREE, [root, Simulation Sources], 30" value="1" type="GuiResourceData"/>
<property name="PAResourceEtoH.FlowNavigatorTreePanel_FLOW_NAVIGATOR_TREE, [, Simulation, Run Simulation], 11, false" value="1" type="GuiResourceData"/>
<property name="PAResourceEtoH.FlowNavigatorTreePanel_FLOW_NAVIGATOR_TREE, [, Simulation, Run Simulation], 11, false, false, false, false, false, true" value="1" type="GuiResourceData"/>
<property name="PAResourceEtoH.GettingStartedView_RECENT_PROJECTS, C:/Users/Matteo/PipelinedMIPS/PipelinedMIPS.xpr, 0" value="1" type="GuiResourceData"/>
<property name="PAResourceItoN.MainMenuMgr_FILE, File" value="4" type="GuiResourceData"/>
<property name="PAResourceItoN.MainMenuMgr_OPEN_RECENT_PROJECT, Open Recent Project" value="3" type="GuiResourceData"/>
<property name="PAResourceOtoP.PlanAheadTab_SHOW_FLOW_NAVIGATOR, Flow Navigator" value="1" type="GuiResourceData"/>
<property name="PAResourceQtoS.SrcChooserPanel_ADD_HDL_AND_NETLIST_FILES_TO_YOUR_PROJECT, Add Files" value="1" type="GuiResourceData"/>
<property name="RDIResourceCommand.RDICommands_WAVEFORM_OPEN_CONFIGURATION, Open Waveform Configuration..." value="1" type="GuiResourceData"/>
</item>
<item name="Other">
<property name="GuiMode" value="89" type="GuiMode"/>
<property name="BatchMode" value="0" type="BatchMode"/>
<property name="TclMode" value="69" type="TclMode"/>
</item>
</section>
</application>
</document>
